{"episode_lengths": [461], "episode_rewards": [0.0], "initial_reset_timestamp": 1539350047.3909042, "timestamps": [1539350048.28181], "episode_types": ["t"]}