{"initial_reset_timestamp": 1539077018.5368328, "timestamps": [1539077020.293086, 1539077021.9472706, 1539077023.5198405, 1539077024.3352892, 1539077025.3928118, 1539077026.2529, 1539077027.383342, 1539077028.2546518, 1539077029.1110945, 1539077030.350396, 1539077031.5876057, 1539077032.4883552, 1539077033.6789174, 1539077034.5777216, 1539077035.6107306, 1539077036.453975, 1539077037.539589, 1539077039.1991642, 1539077040.813098, 1539077042.1314046, 1539077043.8777528, 1539077044.7132416, 1539077045.7931306, 1539077046.8913512, 1539077048.1721294, 1539077049.2848291, 1539077050.2317612, 1539077051.3232608, 1539077052.1219287, 1539077053.0126133, 1539077053.7507098, 1539077055.570524, 1539077057.201988, 1539077058.647136, 1539077059.9293897, 1539077060.9338715, 1539077061.7963254, 1539077062.6067417, 1539077063.6944373, 1539077064.540179, 1539077065.5670846, 1539077066.5636065, 1539077068.0277076, 1539077069.3502855, 1539077070.7772498, 1539077071.585933, 1539077072.7326407, 1539077073.5734541, 1539077075.0569925, 1539077076.1059213, 1539077077.3133326, 1539077078.451396, 1539077079.336984, 1539077080.460296, 1539077081.2763798, 1539077082.3713443, 1539077083.2321606, 1539077084.6386926, 1539077086.0076766, 1539077087.4119554, 1539077088.363936, 1539077089.5124192, 1539077090.3831108, 1539077091.247136, 1539077092.7646732, 1539077093.6066508, 1539077094.7664087, 1539077096.698727, 1539077097.927949, 1539077099.6451142, 1539077101.4927685, 1539077102.801995, 1539077103.975391, 1539077105.0485637, 1539077106.03057, 1539077107.6807458, 1539077109.3158896, 1539077110.4357486, 1539077111.4732282, 1539077112.4674833, 1539077113.6234286, 1539077115.614177, 1539077116.8920956, 1539077118.7166076, 1539077120.3937573, 1539077121.782898, 1539077122.7158632, 1539077124.358227, 1539077125.55486, 1539077126.4158213, 1539077128.2035882, 1539077129.30707, 1539077130.9242492, 1539077132.82067, 1539077133.6444056, 1539077134.9751008, 1539077136.0489988, 1539077136.9470482, 1539077137.9181404, 1539077139.4799538, 1539077141.9570668, 1539077142.8312774, 1539077144.0380387, 1539077145.4008696, 1539077146.757747, 1539077148.3967288, 1539077149.4638057, 1539077151.527321, 1539077152.475893, 1539077153.2937133, 1539077154.2079644, 1539077155.6717823, 1539077156.6315553, 1539077158.3357105, 1539077159.5898068, 1539077160.969951, 1539077162.6036448, 1539077163.478831, 1539077164.3347774, 1539077165.789874, 1539077167.1372457, 1539077168.9270272, 1539077170.0101166, 1539077170.9073691, 1539077172.076521, 1539077173.1293278, 1539077174.0166624, 1539077175.130081, 1539077177.1213024, 1539077178.5061255, 1539077179.4528878, 1539077181.4389672, 1539077183.517638, 1539077184.321505, 1539077185.4790184, 1539077186.625016, 1539077187.5203214, 1539077189.411186, 1539077190.5474467, 1539077192.270244, 1539077193.2356915, 1539077194.8483968, 1539077195.8132544, 1539077197.444836, 1539077198.3688018, 1539077199.5481277, 1539077200.968575, 1539077202.2115471, 1539077203.5879393, 1539077205.596394, 1539077206.540762, 1539077208.1846206, 1539077209.0252116, 1539077210.4614444, 1539077211.5674453, 1539077212.8120222, 1539077214.2819078, 1539077215.4256153, 1539077216.4420795, 1539077217.2918828, 1539077218.210405, 1539077219.1397436, 1539077220.222722, 1539077221.28277, 1539077222.3895714, 1539077223.6903749, 1539077225.2508388, 1539077226.0620441, 1539077227.8036761, 1539077228.666653, 1539077229.8967934, 1539077230.7537246, 1539077231.8912752, 1539077232.7300863, 1539077233.8040373, 1539077235.0811086, 1539077235.862931, 1539077237.2037141, 1539077238.1272135, 1539077239.431204, 1539077240.7701015, 1539077241.5990717, 1539077243.1596286, 1539077244.3952107, 1539077245.7489865, 1539077246.6090033, 1539077247.6966577, 1539077248.7637897, 1539077249.8411837, 1539077251.1994526, 1539077252.632672, 1539077253.4672635, 1539077254.4842558, 1539077255.3038564, 1539077256.122146, 1539077256.9529746, 1539077258.1369061, 1539077259.5627515, 1539077261.2117283, 1539077262.1212957, 1539077264.5847347, 1539077265.6784954, 1539077266.7619767, 1539077267.6754358, 1539077269.2387161, 1539077270.4678023, 1539077271.3821492, 1539077273.9217284, 1539077275.8537889, 1539077278.151344, 1539077279.0755827, 1539077280.1876607, 1539077281.852021, 1539077284.438105, 1539077285.69451, 1539077287.5644004, 1539077288.9983387, 1539077289.9257648, 1539077291.2166383, 1539077293.0613275, 1539077295.4035175, 1539077297.0738187, 1539077297.9610367, 1539077298.978561, 1539077300.536201, 1539077302.3413727, 1539077303.2009642, 1539077304.9540105, 1539077306.41393, 1539077307.3419333, 1539077309.1690593, 1539077310.1925118, 1539077311.1114023, 1539077312.7020974, 1539077313.572583, 1539077314.667888, 1539077315.9036129, 1539077316.8857577, 1539077317.8604884, 1539077318.7892563, 1539077319.9922082, 1539077321.8283024, 1539077323.0601413, 1539077324.8653648, 1539077326.4506145, 1539077328.084771, 1539077329.0822787, 1539077330.2741935, 1539077331.804732, 1539077333.7088368, 1539077335.282239, 1539077336.6823611, 1539077338.2687478, 1539077340.0567126, 1539077341.6315558, 1539077342.586438, 1539077343.8184931, 1539077345.2574646, 1539077346.1659648, 1539077347.5312247, 1539077350.0513227, 1539077352.2497768, 1539077353.8402684, 1539077354.6658404, 1539077356.1937902, 1539077357.1748698, 1539077358.0840857, 1539077359.4458377, 1539077360.3405674, 1539077362.3789, 1539077363.5876403, 1539077365.1044602, 1539077366.284433, 1539077367.8312337, 1539077368.7952523, 1539077369.9744384, 1539077371.3267453, 1539077372.280157, 1539077373.8807285, 1539077375.4971318, 1539077377.8420205, 1539077379.040567, 1539077380.1221359, 1539077381.8382974, 1539077383.3926427, 1539077385.689149, 1539077388.2527587, 1539077391.0467064, 1539077393.4302669, 1539077395.5900946, 1539077397.5467458, 1539077400.1424363, 1539077401.707821, 1539077403.914124, 1539077406.0033228, 1539077407.5334303, 1539077409.8654816, 1539077411.839881, 1539077415.120019, 1539077417.8302202], "episode_lengths": [264, 333, 320, 165, 220, 176, 222, 179, 171, 252, 260, 189, 245, 180, 211, 174, 222, 341, 337, 279, 345, 169, 223, 227, 259, 233, 194, 232, 167, 178, 159, 361, 331, 302, 259, 205, 173, 168, 231, 174, 211, 208, 302, 276, 299, 173, 242, 177, 314, 223, 253, 239, 186, 228, 165, 220, 172, 292, 279, 290, 184, 229, 167, 175, 304, 169, 207, 341, 237, 336, 357, 216, 224, 195, 170, 291, 304, 207, 186, 186, 217, 373, 240, 348, 327, 271, 175, 284, 237, 170, 315, 188, 301, 383, 173, 278, 214, 176, 177, 308, 375, 180, 249, 272, 272, 324, 219, 430, 196, 167, 176, 286, 205, 320, 249, 272, 330, 178, 174, 290, 279, 347, 218, 183, 238, 213, 179, 223, 395, 252, 175, 396, 422, 167, 238, 227, 175, 364, 185, 302, 175, 320, 186, 309, 177, 216, 246, 227, 270, 399, 184, 318, 168, 270, 219, 255, 276, 229, 216, 181, 172, 171, 182, 175, 213, 275, 313, 164, 355, 182, 249, 181, 232, 174, 221, 256, 160, 272, 184, 270, 269, 174, 327, 247, 273, 179, 233, 227, 227, 289, 289, 178, 216, 175, 168, 171, 232, 266, 309, 180, 318, 180, 215, 174, 292, 222, 176, 344, 301, 377, 171, 219, 324, 440, 210, 313, 234, 163, 254, 335, 361, 271, 174, 207, 271, 324, 167, 338, 242, 184, 349, 208, 176, 317, 165, 206, 229, 178, 171, 181, 234, 344, 254, 367, 317, 334, 201, 239, 298, 367, 313, 271, 284, 307, 256, 166, 185, 241, 178, 262, 441, 423, 308, 165, 281, 186, 175, 262, 172, 308, 169, 242, 227, 278, 180, 186, 230, 161, 249, 260, 182, 175, 172, 261, 220, 299, 328, 338, 299, 247, 216, 275, 164, 233, 210, 165, 246, 182, 313, 247],