{"initial_reset_timestamp": 1539085791.3525574, "timestamps": [1539085792.7048554], "episode_lengths": [177], "episode_rewards": [0.0], "episode_types": ["t"]}