{"timestamps": [1538941805.2872984], "episode_rewards": [1.0], "initial_reset_timestamp": 1538941803.3363392, "episode_types": ["t", "t"], "episode_lengths": [250]}