{"initial_reset_timestamp": 1539077719.08717, "timestamps": [1539077720.3146174], "episode_lengths": [174], "episode_rewards": [0.0], "episode_types": ["t"]}