{"initial_reset_timestamp": 1539086596.1965387, "timestamps": [1539086598.1568255, 1539086599.174371, 1539086600.255115, 1539086602.0750551, 1539086603.014611, 1539086604.230458, 1539086605.390264, 1539086606.9439585, 1539086608.1025639, 1539086609.5322542, 1539086610.4033208, 1539086611.3039312, 1539086613.2467308, 1539086614.0971327, 1539086615.4670477, 1539086616.2888317, 1539086617.323288, 1539086618.3416798, 1539086619.2057142, 1539086620.4048905, 1539086621.6156552, 1539086622.5063972, 1539086623.4414482, 1539086624.4823093, 1539086625.8005517, 1539086626.9756918, 1539086627.9941232, 1539086628.986951, 1539086630.4055843, 1539086631.8841467, 1539086633.7347186, 1539086634.7093565, 1539086635.955962, 1539086637.5087829, 1539086638.6842675, 1539086640.237101, 1539086642.1617522, 1539086643.2670703, 1539086644.682082, 1539086645.5822861, 1539086646.4554048, 1539086648.9334016, 1539086650.5254946, 1539086652.3456006, 1539086653.8108468, 1539086655.2663443, 1539086656.69001, 1539086658.3486533, 1539086659.7744186, 1539086661.407969, 1539086663.0488946, 1539086663.98559, 1539086665.080922, 1539086666.4241614, 1539086669.1520221, 1539086669.9676652, 1539086670.8086853, 1539086671.674582, 1539086672.8068478, 1539086674.7734213, 1539086675.975474, 1539086677.1433585, 1539086678.313046, 1539086679.5126245, 1539086681.003765, 1539086681.8300185, 1539086682.7742727, 1539086683.6351495, 1539086685.840921, 1539086686.719323, 1539086688.9533393, 1539086689.8241065, 1539086690.9774487, 1539086692.035552, 1539086693.1884918, 1539086694.1406293, 1539086695.7119775, 1539086696.7549963, 1539086698.1111178, 1539086699.2723734, 1539086700.6977725, 1539086701.6368668, 1539086702.8560002, 1539086704.3035548, 1539086705.5596728, 1539086707.0571313, 1539086708.2675934, 1539086709.650729, 1539086711.006742, 1539086712.405684, 1539086713.3652818, 1539086714.7112548, 1539086715.839724, 1539086717.2225502, 1539086718.3356998, 1539086720.0192235, 1539086720.9040344, 1539086722.196837, 1539086724.0235372, 1539086725.5120556, 1539086727.8833032, 1539086729.233598, 1539086731.317801, 1539086732.5920465, 1539086734.1397045, 1539086735.9051876, 1539086736.9017658, 1539086738.5612667, 1539086740.1379764, 1539086741.57105, 1539086743.597943, 1539086744.597582, 1539086745.6135428, 1539086747.7841856, 1539086749.1716902, 1539086750.2058585, 1539086751.0185833, 1539086752.428129, 1539086754.1383784, 1539086756.0149693, 1539086757.226017, 1539086758.2373612, 1539086759.3115172, 1539086761.1672738, 1539086762.458233, 1539086764.0762937, 1539086765.374327, 1539086766.3152664, 1539086767.6476023, 1539086768.6994205, 1539086769.7408214, 1539086771.3859227, 1539086772.283335, 1539086773.5185046, 1539086774.3779655, 1539086775.2257936, 1539086776.1428156, 1539086777.0021048, 1539086778.5040789, 1539086780.1989973, 1539086781.8004317, 1539086783.0640328, 1539086783.974211, 1539086785.3996673, 1539086786.9302828, 1539086787.7976596, 1539086788.7205513, 1539086790.0420763, 1539086791.496405, 1539086792.436612, 1539086793.9166474, 1539086794.9450958, 1539086796.3305213, 1539086797.8561907, 1539086798.7044728, 1539086800.6065602, 1539086802.0791836, 1539086803.1868644, 1539086805.1331291, 1539086806.1939478, 1539086807.6053047, 1539086809.0185845, 1539086810.0081503, 1539086811.5539129, 1539086812.8076704, 1539086814.519992, 1539086815.5271997, 1539086816.5958273, 1539086817.58879, 1539086818.7216945, 1539086820.2482436, 1539086821.3561163, 1539086822.3338723, 1539086824.133839, 1539086825.3228784, 1539086826.4890904, 1539086827.3811123, 1539086828.7449646, 1539086829.9538558, 1539086831.1024203, 1539086831.954504, 1539086832.8148963, 1539086833.7634895, 1539086834.6488152, 1539086835.5859785, 1539086836.8485339, 1539086838.7006352, 1539086840.0589507, 1539086841.3611183, 1539086842.3120208, 1539086843.337411, 1539086844.204368, 1539086846.1061332, 1539086848.643889, 1539086849.7027354, 1539086850.7491307, 1539086851.6678588, 1539086852.7859707, 1539086854.90122, 1539086855.795677, 1539086859.5508418, 1539086860.8069077, 1539086863.1756084, 1539086864.1219532, 1539086866.223304, 1539086870.2310915, 1539086872.0255032, 1539086873.392971, 1539086874.7723346, 1539086875.9811912, 1539086877.50425, 1539086878.906905, 1539086879.8092747, 1539086881.296435, 1539086882.4236252, 1539086884.7550514, 1539086886.0241003, 1539086887.744132, 1539086888.789668, 1539086890.3217554, 1539086891.5174873, 1539086893.3138626, 1539086894.2041094, 1539086895.56489, 1539086897.1531594, 1539086898.8276317, 1539086900.0660162, 1539086901.0134416, 1539086901.9267287, 1539086903.3936872, 1539086904.9612808, 1539086906.1640368, 1539086907.1994743, 1539086908.1832888, 1539086909.368621, 1539086910.256633, 1539086911.313779, 1539086912.898365, 1539086914.4902935, 1539086915.4073842, 1539086916.478071, 1539086917.5854468, 1539086919.030443, 1539086919.9292665, 1539086921.7705808, 1539086924.243062, 1539086925.89377, 1539086927.6413662, 1539086929.1231027, 1539086930.25717, 1539086931.5475328, 1539086932.7229521, 1539086933.7167213, 1539086934.8041189, 1539086935.994634, 1539086937.6778135, 1539086940.1652713, 1539086941.8197737, 1539086942.8174672, 1539086944.0678582, 1539086945.6310449, 1539086947.4792, 1539086949.2069516, 1539086951.434648, 1539086953.0610392, 1539086954.2033377, 1539086955.60693, 1539086958.3773394, 1539086960.4610238, 1539086962.7277458, 1539086966.1066723, 1539086968.5551124, 1539086972.8376863, 1539086975.53955, 1539086977.508894, 1539086981.5627577, 1539086983.675999, 1539086986.3994758, 1539086988.5068874, 1539086991.387475, 1539086994.2677996, 1539086998.0789566, 1539087000.2260942, 1539087003.9355211, 1539087006.0594206, 1539087009.733605, 1539087012.3461792, 1539087015.9313047, 1539087018.651834, 1539087021.8681474, 1539087024.1934505, 1539087026.3242273, 1539087029.357579, 1539087031.3680282, 1539087033.6013103, 1539087036.8356705, 1539087038.911951, 1539087041.0987377, 1539087044.3300455, 1539087047.3248634], "episode_lengths": [321, 189, 216, 361, 195, 247, 241, 314, 240, 300, 181, 191, 396, 176, 280, 172, 209, 211, 178, 236, 236, 181, 186, 212, 270, 215, 186, 212, 301, 306, 359, 168, 231, 303, 223, 280, 318, 199, 243, 173, 167, 409, 257, 277, 267, 263, 265, 294, 262, 328, 330, 186, 217, 243, 507, 172, 171, 179, 234, 400, 233, 233, 229, 249, 295, 162, 183, 174, 437, 163, 398, 157, 241, 211, 238, 187, 278, 185, 271, 238, 283, 189, 228, 253, 221, 246, 232, 271, 255, 236, 181, 232, 214, 259, 193, 296, 174, 240, 343, 277, 330, 238, 384, 215, 272, 344, 169, 269, 312, 272, 363, 185, 162, 408, 277, 197, 172, 273, 322, 351, 231, 204, 210, 366, 234, 300, 248, 168, 275, 219, 192, 328, 174, 237, 165, 168, 183, 171, 306, 337, 315, 239, 168, 255, 305, 181, 183, 261, 292, 179, 279, 184, 279, 315, 170, 352, 306, 228, 409, 226, 275, 248, 177, 263, 230, 315, 170, 192, 179, 175, 281, 218, 183, 331, 220, 242, 181, 282, 222, 225, 173, 174, 185, 179, 176, 171, 307, 239, 234, 176, 176, 167, 306, 376, 171, 165, 179, 227, 429, 180, 546, 236, 435, 180, 356, 643, 295, 234, 233, 175, 269, 271, 179, 278, 184, 426, 245, 337, 203, 289, 183, 300, 166, 205, 305, 309, 216, 175, 172, 273, 296, 171, 181, 202, 174, 175, 202, 290, 242, 169, 203, 213, 280, 168, 244, 355, 303, 351, 281, 217, 234, 214, 187, 212, 216, 301, 416, 310, 174, 212, 289, 273, 283, 332, 238, 164, 169, 273, 220, 239, 390, 223, 400, 219, 187, 235, 174, 222, 172, 222, 212, 318, 182, 298, 172, 311, 218, 275, 236, 247, 186, 166, 229, 173, 181, 262, 180, 189, 284, 277],