{"initial_reset_timestamp": 1539064603.6799676, "timestamps": [1539064605.2637193, 1539064606.2300394, 1539064607.644453, 1539064608.8508935, 1539064610.2206953, 1539064611.3497002, 1539064613.0320332, 1539064614.479613, 1539064616.3178873, 1539064617.9371462, 1539064618.8892617, 1539064619.8044298, 1539064620.7375603, 1539064621.6178725, 1539064622.4497104, 1539064623.578245, 1539064625.0373187, 1539064627.811011, 1539064629.757432, 1539064630.9643304, 1539064632.20114, 1539064633.8992348, 1539064635.3541467, 1539064636.860281, 1539064638.5933375, 1539064639.6427612, 1539064640.7111168, 1539064641.9218168, 1539064643.0370893, 1539064644.4786317, 1539064645.3611283, 1539064647.1173065, 1539064648.0540903, 1539064648.8904018, 1539064650.3306992, 1539064651.398509, 1539064652.2485254, 1539064653.1695573, 1539064654.0641558, 1539064654.9586575, 1539064656.102666, 1539064657.7463486, 1539064658.599726, 1539064659.7663977, 1539064660.6529477, 1539064662.1413426, 1539064663.0610533, 1539064663.9113975, 1539064664.7949746, 1539064666.2999978, 1539064668.8261383, 1539064669.7539256, 1539064670.956549, 1539064671.8609068, 1539064673.3765152, 1539064674.5282302, 1539064675.5433936, 1539064676.9411902, 1539064678.106347, 1539064679.2934148, 1539064680.4432774, 1539064681.3179426, 1539064682.1792378, 1539064683.4209347, 1539064684.8519561, 1539064686.180803, 1539064687.1582243, 1539064688.1088998, 1539064689.4422057, 1539064691.2242823, 1539064692.0157962, 1539064693.146263, 1539064694.058376, 1539064694.9374025, 1539064696.212236, 1539064697.1116776, 1539064697.9717607, 1539064699.1172383, 1539064700.6473649, 1539064701.4913511, 1539064702.3597345, 1539064703.2954142, 1539064704.1697612, 1539064705.0748703, 1539064706.8715596, 1539064708.8212414, 1539064709.6925821, 1539064710.548159, 1539064711.9251008, 1539064713.2609963, 1539064714.549061, 1539064715.438144, 1539064716.2601693, 1539064717.9469624, 1539064718.7552984, 1539064720.1701705, 1539064721.473348, 1539064722.3801107, 1539064723.5505123, 1539064724.9753025, 1539064726.545897, 1539064727.7881112, 1539064729.1205444, 1539064730.4427187, 1539064731.654361, 1539064732.5363307, 1539064733.9846308, 1539064734.8987565, 1539064735.840954, 1539064736.968165, 1539064738.1801353, 1539064739.4940355, 1539064740.532007, 1539064741.694925, 1539064743.002257, 1539064744.2934566, 1539064745.6394613, 1539064747.1496859, 1539064748.041483, 1539064749.0781174, 1539064750.9959953, 1539064752.3983006, 1539064754.0698822, 1539064754.9344127, 1539064756.267124, 1539064757.5189943, 1539064758.4399269, 1539064759.8576126, 1539064762.1891453, 1539064763.9642887, 1539064765.603765, 1539064767.0710819, 1539064768.223257, 1539064769.7714407, 1539064771.2152276, 1539064772.0420594, 1539064773.1465445, 1539064774.5837762, 1539064775.6449506, 1539064776.6003172, 1539064777.9769003, 1539064779.2046468, 1539064780.2706747, 1539064782.2545137, 1539064783.7051792, 1539064784.6860495, 1539064785.5930536, 1539064786.5419083, 1539064787.4777293, 1539064788.3706555, 1539064789.80208, 1539064791.22321, 1539064792.4155495, 1539064793.254754, 1539064794.64562, 1539064795.46885, 1539064796.3215203, 1539064797.4927452, 1539064799.293784, 1539064800.576334, 1539064801.771875, 1539064802.9444656, 1539064804.5862308, 1539064805.4084866, 1539064806.7360954, 1539064807.629498, 1539064808.8567965, 1539064810.4274716, 1539064812.3792405, 1539064813.405735, 1539064814.260605, 1539064815.4656074, 1539064817.2024753, 1539064818.0440683, 1539064818.931401, 1539064820.3365645, 1539064821.4228394, 1539064822.582319, 1539064824.1681914, 1539064825.9901721, 1539064826.9758139, 1539064828.6537025, 1539064830.717141, 1539064832.1914577, 1539064833.5768003, 1539064835.3759599, 1539064836.805054, 1539064838.354253, 1539064839.6643188, 1539064840.9630508, 1539064841.921546, 1539064843.285365, 1539064844.2094295, 1539064845.3844004, 1539064846.265187, 1539064847.6189072, 1539064849.0758257, 1539064850.4321015, 1539064851.8583038, 1539064852.9338946, 1539064855.2215803, 1539064856.1745484, 1539064857.1603024, 1539064857.976521, 1539064859.1150343, 1539064860.7553596, 1539064861.6636188, 1539064863.2864666, 1539064864.955058, 1539064866.7267249, 1539064868.5688004, 1539064869.4362743, 1539064870.5964625, 1539064871.8075874, 1539064873.705545, 1539064874.9336555, 1539064875.7942405, 1539064876.7001677, 1539064878.7875612, 1539064880.372449, 1539064881.2766073, 1539064882.827626, 1539064884.2268963, 1539064885.1894734, 1539064886.617574, 1539064888.328018, 1539064889.735053, 1539064890.7014017, 1539064891.7056353, 1539064892.6160023, 1539064893.6348903, 1539064894.815671, 1539064896.2742603, 1539064897.445094, 1539064898.617353, 1539064900.323125, 1539064901.2575662, 1539064902.24951, 1539064903.4023912, 1539064905.0884836, 1539064906.2328835, 1539064907.1605728, 1539064908.1860144, 1539064909.1403341, 1539064910.2539508, 1539064911.1618786, 1539064912.014857, 1539064912.871118, 1539064914.31616, 1539064915.7816992], "episode_lengths": [227, 182, 278, 223, 273, 237, 325, 285, 359, 308, 188, 178, 179, 173, 174, 230, 270, 555, 385, 236, 247, 341, 300, 292, 341, 208, 217, 248, 234, 285, 178, 350, 177, 168, 304, 221, 171, 189, 175, 180, 230, 337, 170, 236, 180, 293, 176, 171, 176, 313, 407, 177, 238, 175, 304, 233, 203, 273, 243, 233, 229, 175, 171, 250, 277, 269, 180, 186, 266, 366, 166, 237, 184, 178, 267, 184, 183, 244, 321, 167, 173, 181, 176, 178, 376, 383, 185, 168, 292, 270, 261, 183, 175, 345, 171, 300, 261, 169, 229, 298, 211, 230, 244, 243, 235, 175, 288, 185, 192, 233, 246, 256, 217, 246, 263, 273, 275, 306, 181, 209, 397, 274, 348, 178, 271, 256, 187, 284, 484, 358, 341, 298, 239, 312, 290, 172, 201, 293, 209, 198, 278, 247, 215, 398, 301, 202, 179, 198, 193, 182, 177, 295, 241, 174, 280, 174, 175, 238, 344, 250, 236, 237, 335, 175, 269, 171, 237, 305, 389, 208, 169, 238, 341, 166, 164, 291, 222, 215, 291, 340, 180, 301, 340, 224, 205, 259, 206, 238, 191, 227, 174, 270, 174, 234, 169, 206, 230, 233, 241, 184, 282, 177, 190, 165, 221, 297, 170, 307, 299, 346, 357, 165, 209, 232, 371, 237, 176, 175, 408, 289, 181, 307, 248, 173, 262, 325, 272, 181, 175, 167, 182, 202, 269, 207, 220, 297, 170, 164, 175, 325, 225, 164, 164, 186, 211, 173, 170, 164, 276, 293], "episode_rewards": [1.0, 0.0, 2.0, 1.0, 2.0, 1.0, 3.0, 2.0, 3.0, 2.0, 0.0, 0.0, 0.0, 0.0, 0.0, 1.0, 2.0, 7.0, 4.0, 1.0, 2.0, 3.0, 2.0, 2.0, 3.0, 0.0, 1.0, 1.0, 1.0, 2.0, 0.0, 3.0, 0.0, 0.0, 2.0, 1.0, 0.0, 0.0, 0.0, 0.0, 1.0, 3.0, 0.0, 1.0, 0.0, 2.0, 0.0, 0.0, 0.0, 2.0, 5.0, 0.0, 1.0, 0.0, 2.0, 1.0, 1.0, 2.0, 1.0, 1.0, 1.0, 0.0, 0.0, 2.0, 2.0, 2.0, 0.0, 0.0, 2.0, 3.0, 0.0, 1.0, 0.0, 0.0, 2.0, 0.0, 0.0, 2.0, 3.0, 0.0, 0.0, 0.0, 0.0, 0.0, 3.0, 3.0, 0.0, 0.0, 2.0, 2.0, 2.0, 0.0, 0.0, 3.0, 0.0, 3.0, 1.0, 0.0, 1.0, 2.0, 1.0, 1.0, 1.0, 1.0, 1.0, 0.0, 2.0, 0.0, 0.0, 1.0, 1.0, 1.0, 1.0, 1.0, 2.0, 2.0, 2.0, 2.0, 0.0, 1.0, 4.0, 2.0, 3.0, 0.0, 2.0, 1.0, 0.0, 2.0, 6.0, 3.0, 3.0, 2.0, 1.0, 3.0, 2.0, 0.0, 1.0, 2.0, 1.0, 1.0, 2.0, 2.0, 1.0, 4.0, 2.0, 1.0, 0.0, 0.0, 0.0, 0.0, 0.0, 2.0, 1.0, 0.0, 2.0, 0.0, 0.0, 1.0, 3.0, 1.0, 1.0, 1.0, 3.0, 0.0, 2.0, 0.0, 1.0, 2.0, 4.0, 1.0, 0.0, 1.0, 3.0, 0.0, 0.0, 2.0, 1.0, 1.0, 2.0, 3.0, 0.0, 2.0, 3.0, 1.0, 1.0, 2.0, 1.0, 1.0, 0.0, 1.0, 0.0, 2.0, 0.0, 1.0, 0.0, 1.0, 1.0, 1.0, 1.0, 0.0, 2.0, 0.0, 0.0, 0.0, 1.0, 2.0, 0.0, 3.0, 2.0, 3.0, 4.0, 0.0, 1.0, 1.0, 4.0, 1.0, 0.0, 0.0, 4.0, 2.0, 0.0, 2.0, 1.0, 0.0, 2.0, 3.0, 2.0, 0.0, 0.0, 0.0, 0.0, 1.0, 2.0, 1.0, 1.0, 2.0, 0.0, 0.0, 0.0, 2.0, 1.0, 0.0, 0.0, 0.0, 1.0, 0.0, 0.0, 0.0, 2.0, 2.0],