{"initial_reset_timestamp": 1539065034.5052764, "timestamps": [1539065036.929602, 1539065038.060975, 1539065039.1476421, 1539065040.931699, 1539065041.9240808, 1539065042.7778847, 1539065044.224573, 1539065045.348633, 1539065046.2364519, 1539065047.5295565, 1539065048.428091, 1539065050.210294, 1539065051.0584695, 1539065051.9201164, 1539065053.0439894, 1539065053.8529685, 1539065054.867673, 1539065055.7708755, 1539065057.2273507, 1539065058.1028543, 1539065059.210571, 1539065060.6505682, 1539065061.8303492, 1539065062.6795247, 1539065063.571497, 1539065064.735439, 1539065065.8760297, 1539065067.153191, 1539065068.31444, 1539065069.2710092, 1539065071.1694314, 1539065072.25255, 1539065073.1756878, 1539065075.6358862, 1539065077.9553287, 1539065079.1616385, 1539065079.9958732, 1539065081.243128, 1539065082.521867, 1539065083.6434994, 1539065085.1424692, 1539065086.192972, 1539065087.382041, 1539065088.6531978, 1539065089.8086386, 1539065090.9276376, 1539065091.7817519, 1539065093.2304034, 1539065094.8680825, 1539065096.0852287, 1539065097.2610135, 1539065098.1594253, 1539065099.8440294, 1539065100.8336089, 1539065102.8396313, 1539065104.2868009, 1539065105.74381, 1539065107.3322928, 1539065108.3017297, 1539065110.026158, 1539065111.6839797, 1539065112.8761837, 1539065113.9191678, 1539065115.165414, 1539065116.1674724, 1539065117.3406203, 1539065118.8303204, 1539065119.9815767, 1539065121.8205566, 1539065122.7054272, 1539065123.6427267, 1539065125.5513854, 1539065127.2124782, 1539065128.4593315, 1539065130.4854238, 1539065131.8425608, 1539065132.779528, 1539065134.2279222, 1539065135.1456397, 1539065136.2579913, 1539065138.0692956, 1539065139.3263206, 1539065140.7230737, 1539065142.0805175, 1539065143.1759565, 1539065144.04536, 1539065145.2357817, 1539065146.1204233, 1539065147.3848217, 1539065148.315229, 1539065149.8291879, 1539065151.381579, 1539065152.6449754, 1539065153.479276, 1539065154.522386, 1539065156.8314283, 1539065158.0613182, 1539065158.930453, 1539065159.9134479, 1539065160.822746, 1539065162.8545434, 1539065163.821407, 1539065164.9510894, 1539065165.842349, 1539065167.8699014, 1539065169.0414953, 1539065170.60605, 1539065172.0138736, 1539065172.9171088, 1539065173.8891873, 1539065175.0404527, 1539065176.443727, 1539065177.3401122, 1539065178.2853286, 1539065179.3306623, 1539065180.8419542, 1539065182.1811092, 1539065183.2478306, 1539065184.1969218, 1539065185.2852495, 1539065187.378592, 1539065188.8861349, 1539065189.7398841, 1539065190.6214454, 1539065192.3415184, 1539065193.6379633, 1539065194.8576005, 1539065195.7011676, 1539065197.7541084, 1539065199.0658135, 1539065199.9926653, 1539065200.899986, 1539065202.0067728, 1539065202.87783, 1539065204.142665, 1539065205.2576778, 1539065207.6113353, 1539065208.6774867, 1539065209.6684246, 1539065210.519775, 1539065211.6683047, 1539065212.5586662, 1539065214.6049778, 1539065216.0350988, 1539065216.8877785, 1539065218.0345323, 1539065219.713919, 1539065220.595571, 1539065222.3010066, 1539065223.988756, 1539065224.9980218, 1539065225.7999785, 1539065226.9358914, 1539065228.4524684, 1539065229.7653992, 1539065230.880901, 1539065232.3551257, 1539065234.0376482, 1539065235.2335556, 1539065237.0525887, 1539065238.3738563, 1539065239.6865933, 1539065242.1950037, 1539065244.153379, 1539065246.2573743, 1539065248.1369386, 1539065249.126318, 1539065250.3929162, 1539065251.4756057, 1539065252.661809, 1539065253.6483717, 1539065254.8914351, 1539065256.022172, 1539065257.282293, 1539065258.9710953, 1539065259.8754191, 1539065261.091789, 1539065262.408663, 1539065263.534356, 1539065264.873187, 1539065266.113051, 1539065267.794762, 1539065268.6510415, 1539065270.3968728, 1539065271.4312375, 1539065272.917646, 1539065273.9117184, 1539065275.4240103, 1539065276.7344353, 1539065278.1005273, 1539065279.4442751, 1539065280.440934, 1539065281.3132923, 1539065282.6554937, 1539065283.5125778, 1539065284.725481, 1539065285.5687532, 1539065287.7878287, 1539065289.5201476, 1539065291.2852745, 1539065293.174137, 1539065294.0597565, 1539065295.3716943, 1539065296.2814128, 1539065297.6644819, 1539065298.7452815, 1539065299.8839176, 1539065300.7584848, 1539065301.9311264, 1539065303.0784779, 1539065303.9023871, 1539065305.5761156, 1539065307.0092196, 1539065308.4789019, 1539065309.3778644, 1539065310.3258288, 1539065311.162101, 1539065312.0072374, 1539065313.2524817, 1539065314.8949182, 1539065315.7462006, 1539065316.5565748, 1539065318.1391225, 1539065319.236442, 1539065320.2270062, 1539065321.2339492, 1539065322.4413419, 1539065323.6454136, 1539065324.5911562, 1539065326.1435611, 1539065327.0371907, 1539065328.3108554, 1539065329.4800165, 1539065331.1019354, 1539065332.240318, 1539065333.6287699, 1539065334.498399, 1539065335.523928, 1539065336.8694773, 1539065337.814986, 1539065339.162784, 1539065340.6267111, 1539065341.5726213, 1539065343.5255334, 1539065344.410714, 1539065345.6547236, 1539065346.7193007, 1539065348.1566434, 1539065349.1156228, 1539065350.142342, 1539065350.914744, 1539065351.8893728, 1539065353.1318052, 1539065354.3954265, 1539065355.9301386, 1539065357.064336, 1539065358.1138675, 1539065358.9875941, 1539065359.9086726, 1539065360.840157, 1539065363.6354141, 1539065364.825974, 1539065366.747181, 1539065367.6225262, 1539065368.8641243, 1539065370.925845, 1539065371.9122987, 1539065373.2515132, 1539065374.5030904, 1539065375.9617176, 1539065376.9878337, 1539065377.9220295, 1539065378.789595, 1539065379.6985564, 1539065380.5629597, 1539065381.4699616, 1539065382.4853914, 1539065383.711941, 1539065384.9615524, 1539065386.2961478, 1539065387.9477968, 1539065390.916977, 1539065392.477767, 1539065394.0755332, 1539065395.486406, 1539065396.343164, 1539065397.3992615, 1539065398.508097, 1539065399.3630154, 1539065401.6930587, 1539065402.5535843, 1539065403.755253, 1539065405.0586596, 1539065406.3356886, 1539065407.3683012, 1539065408.655989, 1539065409.622894, 1539065410.7636073, 1539065413.0186849, 1539065414.2150123], "episode_lengths": [364, 230, 226, 357, 203, 164, 270, 235, 178, 258, 182, 366, 171, 177, 237, 171, 205, 183, 302, 177, 235, 301, 254, 171, 179, 232, 228, 253, 234, 188, 378, 184, 178, 487, 434, 218, 164, 242, 243, 215, 288, 198, 236, 243, 218, 220, 172, 281, 316, 236, 214, 178, 327, 191, 369, 249, 237, 295, 173, 312, 288, 210, 159, 224, 198, 214, 264, 209, 343, 174, 186, 364, 325, 223, 390, 260, 183, 285, 167, 212, 344, 247, 269, 263, 216, 172, 236, 174, 234, 174, 267, 290, 245, 169, 180, 427, 244, 168, 187, 176, 272, 172, 217, 167, 384, 230, 294, 273, 169, 171, 186, 254, 166, 174, 187, 259, 261, 201, 179, 182, 407, 285, 176, 167, 347, 261, 237, 174, 435, 270, 181, 184, 226, 178, 269, 230, 496, 217, 209, 174, 242, 183, 420, 288, 178, 242, 350, 177, 331, 347, 209, 163, 227, 302, 250, 230, 305, 344, 237, 366, 256, 255, 455, 329, 374, 341, 188, 236, 202, 231, 185, 223, 190, 232, 315, 183, 238, 251, 218, 205, 213, 332, 172, 334, 195, 265, 171, 254, 230, 258, 270, 187, 170, 273, 167, 226, 172, 399, 323, 362, 238, 166, 266, 174, 276, 224, 239, 176, 237, 237, 169, 347, 298, 272, 163, 193, 168, 165, 231, 334, 178, 161, 332, 231, 208, 203, 247, 248, 196, 308, 185, 247, 229, 334, 237, 287, 180, 213, 263, 173, 233, 272, 174, 391, 169, 243, 223, 303, 179, 209, 163, 202, 259, 236, 271, 216, 210, 166, 181, 190, 504, 224, 368, 174, 244, 403, 203, 272, 242, 305, 209, 180, 169, 182, 168, 177, 169, 238, 244, 237, 310, 362, 299, 298, 291, 175, 214, 214, 179, 447, 175, 222, 249, 242, 180, 238, 175, 198, 398, 232],