{"initial_reset_timestamp": 1539084140.796369, "timestamps": [1539084142.0906308], "episode_lengths": [176], "episode_rewards": [0.0], "episode_types": ["t"]}