{"initial_reset_timestamp": 1539085847.7722378, "timestamps": [1539085848.993786], "episode_lengths": [179], "episode_rewards": [0.0], "episode_types": ["t"]}