{"initial_reset_timestamp": 1539086510.772542, "timestamps": [1539086512.1970925], "episode_lengths": [165], "episode_rewards": [0.0], "episode_types": ["t"]}