{"initial_reset_timestamp": 1538942295.526365, "episode_lengths": [394, 181, 197, 278, 434, 168, 171, 223, 175, 171, 403, 248, 217, 162, 239, 172, 416, 251, 179, 162, 303, 178, 183, 172, 188, 221, 224, 320, 244, 166, 172, 283, 181, 176, 210, 302, 257, 203, 329, 306, 346, 175, 389, 242, 437, 163, 186, 252, 380, 303, 219], "timestamps": [1538942298.3409812, 1538942299.3758695, 1538942300.47713, 1538942302.0510018, 1538942304.5743737, 1538942305.5332754, 1538942306.512782, 1538942307.7465467, 1538942308.7235172, 1538942309.6732316, 1538942311.9263353, 1538942313.3164723, 1538942314.5190127, 1538942315.4156985, 1538942316.7469935, 1538942317.6941464, 1538942319.9755476, 1538942321.369559, 1538942322.3597465, 1538942323.2611935, 1538942324.9445243, 1538942325.944099, 1538942326.9854474, 1538942327.9677372, 1538942329.0530388, 1538942330.2924094, 1538942331.555874, 1538942333.3183985, 1538942334.6827486, 1538942335.634579, 1538942336.6158316, 1538942338.2416883, 1538942339.3228133, 1538942340.3835685, 1538942341.6354957, 1538942343.4175916, 1538942344.9080245, 1538942346.124269, 1538942348.0610793, 1538942349.947842, 1538942351.9371388, 1538942352.9654737, 1538942355.2150354, 1538942356.635255, 1538942359.1758096, 1538942360.1089048, 1538942361.1894855, 1538942362.6546602, 1538942364.8740165, 1538942366.6309552, 1538942367.969535], "episode_rewards": [4.0, 0.0, 1.0, 2.0, 4.0, 0.0, 0.0, 1.0, 0.0, 0.0, 4.0, 1.0, 1.0, 0.0, 1.0, 0.0, 4.0, 1.0, 0.0, 0.0, 3.0, 0.0, 0.0, 0.0, 0.0, 1.0, 1.0, 2.0, 2.0, 0.0, 0.0, 2.0, 0.0, 0.0, 1.0, 2.0, 2.0, 1.0, 3.0, 2.0, 3.0, 0.0, 3.0, 1.0, 4.0, 0.0, 0.0, 1.0, 4.0, 2.0, 1.0], "episode_types": ["t", "t", "t", "t", "t", "t", "t", "t", "t", "t", "t", "t", "t", "t", "t", "t", "t", "t", "t", "t", "t", "t", "t", "t", "t", "t", "t", "t", "t", "t", "t", "t", "t", "t", "t", "t", "t", "t", "t", "t", "t", "t", "t", "t", "t", "t", "t", "t", "t", "t", "t", "t"]}