{"initial_reset_timestamp": 1539085733.9536572, "timestamps": [1539085735.8392482], "episode_lengths": [294], "episode_rewards": [2.0], "episode_types": ["t"]}