{"initial_reset_timestamp": 1539065862.965778, "timestamps": [1539065865.506998, 1539065866.4319293, 1539065869.0420432, 1539065870.021733, 1539065871.2377846, 1539065872.7898393, 1539065874.3175008, 1539065875.5936136, 1539065877.3977246, 1539065878.7375813, 1539065879.6572676, 1539065880.9779267, 1539065882.060557, 1539065883.0324528, 1539065884.6368487, 1539065885.8710835, 1539065887.1677485, 1539065888.5257282, 1539065890.3005905, 1539065892.3320582, 1539065893.7935972, 1539065895.1410441, 1539065896.934809, 1539065898.339662, 1539065900.1155844, 1539065900.97856, 1539065901.9016116, 1539065902.9118931, 1539065904.4296339, 1539065905.6623068, 1539065907.0852299, 1539065908.3136172, 1539065909.1824746, 1539065910.9634652, 1539065912.3158925, 1539065913.2068777, 1539065914.5359871, 1539065916.302581, 1539065917.8748283, 1539065919.225726, 1539065920.2387187, 1539065921.7503653, 1539065922.9179604, 1539065923.9732625, 1539065924.8202848, 1539065925.6665113, 1539065927.8392878, 1539065929.485123, 1539065930.3033643, 1539065931.7534199, 1539065932.822541, 1539065933.7283504, 1539065934.6627572, 1539065935.9053519, 1539065936.880921, 1539065938.6900947, 1539065939.671694, 1539065940.7341576, 1539065942.1461418, 1539065944.1022768, 1539065945.2098954, 1539065946.0082872, 1539065947.3597162, 1539065948.847556, 1539065949.9748611, 1539065951.4665596, 1539065952.846177, 1539065954.6241956, 1539065955.9778712, 1539065956.956189, 1539065957.815529, 1539065958.9680886, 1539065960.3729925, 1539065961.2271807, 1539065962.9310873, 1539065963.7858374, 1539065965.112115, 1539065966.6507854, 1539065968.615754, 1539065969.7428281, 1539065970.5770283, 1539065972.254083, 1539065973.1270144, 1539065974.04804, 1539065975.1287713, 1539065976.3670497, 1539065977.2596793, 1539065978.433828, 1539065979.9017587, 1539065981.4966788, 1539065982.9595733, 1539065984.6111906, 1539065985.8546162, 1539065986.7831767, 1539065988.5242984, 1539065989.7264066, 1539065991.2905726, 1539065992.2564733, 1539065993.9031463, 1539065995.0028646, 1539065996.4438574, 1539065998.2729843, 1539066000.135005, 1539066001.9929688, 1539066003.0725234, 1539066003.9176326, 1539066004.8408272, 1539066005.9675915, 1539066007.152913, 1539066008.5155725, 1539066010.0507796, 1539066011.0922716, 1539066012.0306275, 1539066013.9149187, 1539066015.2652605, 1539066016.1878984, 1539066018.1680186, 1539066019.2352774, 1539066020.3219044, 1539066021.2413514, 1539066022.1157765, 1539066022.9365985, 1539066024.0585246, 1539066024.981, 1539066026.5757759, 1539066027.6196592, 1539066028.4973278, 1539066029.3674538, 1539066030.2387352, 1539066031.1305428, 1539066032.2530172, 1539066033.7310324, 1539066034.7236748, 1539066035.7854931, 1539066036.7455385, 1539066037.8114662, 1539066039.225382, 1539066040.9596765, 1539066041.7857783, 1539066043.2787406, 1539066044.9198594, 1539066045.8855553, 1539066047.5339246, 1539066048.6994429, 1539066049.5256524, 1539066050.3212185, 1539066051.7395375, 1539066052.8111837, 1539066054.0424736, 1539066055.1942544, 1539066056.3645902, 1539066057.863757, 1539066059.225152, 1539066060.1170099, 1539066060.9888835, 1539066062.0122695, 1539066062.826591, 1539066064.3727963, 1539066065.6348903, 1539066066.6773672, 1539066067.5894446, 1539066068.4024336, 1539066069.8918273, 1539066071.0935905, 1539066071.967491, 1539066072.7606988, 1539066073.9380543, 1539066075.2512476, 1539066076.5231616, 1539066077.9905896, 1539066078.8265738, 1539066079.6359906, 1539066080.834183, 1539066082.733055, 1539066084.135517, 1539066085.0253284, 1539066086.129751, 1539066087.9833448, 1539066089.644521, 1539066090.4395075, 1539066091.7022061, 1539066093.2859714, 1539066095.142935, 1539066096.521776, 1539066097.8435583, 1539066098.9306004, 1539066099.7621229, 1539066100.9156306, 1539066101.8665867, 1539066103.3862667, 1539066104.5028434, 1539066105.8525276, 1539066106.7124226, 1539066107.5765371, 1539066108.4259152, 1539066109.9058053, 1539066110.809287, 1539066111.6742465, 1539066112.8607733, 1539066114.0023394, 1539066116.2034962, 1539066117.241183, 1539066118.433114, 1539066119.7923295, 1539066120.9830208, 1539066121.8952072, 1539066123.1847017, 1539066124.9078887, 1539066125.814512, 1539066126.7948267, 1539066127.974251, 1539066128.8169804, 1539066130.0814228, 1539066131.5741224, 1539066132.9643319, 1539066134.0628166, 1539066134.944395, 1539066136.387728, 1539066137.3027434, 1539066138.3809175, 1539066139.545079, 1539066140.395782, 1539066141.6041448, 1539066142.8233998, 1539066143.6736965, 1539066145.0111334, 1539066145.8255324, 1539066147.6536052, 1539066148.7701132, 1539066149.6174026, 1539066150.6729455, 1539066152.0166113, 1539066153.49381, 1539066154.5778115, 1539066156.2231827, 1539066157.511137, 1539066158.81573, 1539066159.8998766, 1539066161.5650778, 1539066162.5392778, 1539066163.6564276, 1539066164.6088207, 1539066165.7976727, 1539066166.905581, 1539066167.6999774, 1539066168.8547475, 1539066169.9435878, 1539066170.929333, 1539066171.9964757, 1539066173.6298814, 1539066174.7791197, 1539066177.0461032, 1539066178.0064874, 1539066178.93535, 1539066179.878857, 1539066181.1941886, 1539066182.5604863, 1539066183.9326031, 1539066185.1309752, 1539066185.9616947, 1539066186.9382663, 1539066188.4164023, 1539066189.516473, 1539066190.981758, 1539066192.0258076, 1539066192.829356, 1539066193.731056, 1539066194.8935049, 1539066196.0243387, 1539066196.91492, 1539066197.8784108, 1539066198.7361908, 1539066199.6612513, 1539066200.5191138, 1539066201.641025, 1539066202.6078203, 1539066204.3701653, 1539066206.655136, 1539066207.8492033, 1539066209.2866952, 1539066210.46092, 1539066211.7349966, 1539066212.7012634, 1539066214.0835228, 1539066215.1918972, 1539066216.306327, 1539066217.7147653, 1539066218.7586837, 1539066219.9448314, 1539066221.3614001, 1539066222.7040014, 1539066223.5964284, 1539066224.7353747, 1539066226.1163414, 1539066227.2230608, 1539066228.3722339, 1539066229.508001, 1539066230.5381143, 1539066232.471047, 1539066234.358485], "episode_lengths": [373, 182, 476, 170, 221, 291, 319, 238, 343, 247, 175, 236, 177, 175, 311, 226, 214, 256, 295, 342, 267, 252, 347, 239, 346, 176, 183, 173, 239, 213, 246, 244, 174, 365, 269, 172, 242, 315, 274, 259, 208, 312, 243, 217, 170, 181, 451, 332, 176, 301, 221, 171, 177, 242, 184, 372, 207, 212, 283, 400, 216, 161, 275, 295, 231, 308, 288, 346, 237, 185, 173, 230, 286, 182, 364, 179, 266, 323, 422, 241, 172, 340, 175, 184, 222, 247, 180, 235, 293, 336, 298, 333, 256, 179, 339, 232, 284, 192, 294, 195, 175, 311, 307, 351, 215, 168, 183, 204, 200, 279, 289, 193, 178, 357, 264, 175, 367, 210, 216, 185, 181, 173, 218, 183, 315, 213, 184, 175, 177, 177, 222, 306, 209, 212, 204, 218, 282, 360, 172, 305, 333, 196, 349, 243, 179, 170, 304, 222, 261, 237, 234, 304, 242, 176, 181, 213, 170, 314, 244, 213, 194, 174, 310, 244, 180, 163, 239, 279, 272, 298, 169, 175, 243, 402, 299, 179, 228, 371, 333, 168, 253, 320, 371, 293, 263, 217, 170, 235, 182, 317, 223, 269, 177, 180, 164, 308, 183, 176, 246, 237, 296, 214, 242, 263, 248, 181, 264, 347, 179, 208, 240, 164, 254, 303, 290, 232, 184, 301, 187, 220, 235, 176, 255, 246, 170, 281, 174, 395, 230, 173, 220, 270, 314, 233, 340, 277, 274, 233, 356, 203, 222, 190, 247, 234, 167, 239, 219, 209, 223, 348, 239, 460, 182, 168, 181, 245, 271, 267, 234, 168, 201, 290, 226, 275, 209, 163, 182, 237, 235, 186, 185, 171, 184, 169, 230, 202, 349, 480, 233, 241, 228, 237, 192, 284, 226, 228, 274, 205, 246, 298, 284, 177, 229, 293, 231, 237, 236, 217, 397, 394],